state,district,typology
Andaman & Nicobar Islands,Andamans,Digitally Strong & Balanced
Andaman & Nicobar Islands,Nicobar,Digitally Strong & Balanced
Andaman & Nicobar Islands,Nicobars,Digitally Weak but Stable
Andaman & Nicobar Islands,North And Middle Andaman,Digitally Strong & Balanced
Andaman & Nicobar Islands,South Andaman,Digitally Strong & Balanced
Andhra Pradesh,Adilabad,Digitally Strong & Balanced
Andhra Pradesh,Alluri Sitharama Raju,Digitally Strong & Balanced
Andhra Pradesh,Anakapalli,Digitally Strong & Balanced
Andhra Pradesh,Anantapur,Digitally Strong & Balanced
Andhra Pradesh,Ananthapur,Digitally Strong & Balanced
Andhra Pradesh,Ananthapuramu,Digitally Strong & Balanced
Andhra Pradesh,Annamayya,Digitally Strong & Balanced
Andhra Pradesh,Bapatla,Digitally Strong & Balanced
Andhra Pradesh,Chittoor,Digitally Strong & Balanced
Andhra Pradesh,Cuddapah,Digitally Strong & Balanced
Andhra Pradesh,Dr. B. R. Ambedkar Konaseema,Digitally Strong & Balanced
Andhra Pradesh,East Godavari,Digitally Strong but Overburdened
Andhra Pradesh,Eluru,Digitally Strong & Balanced
Andhra Pradesh,Guntur,Digitally Strong but Overburdened
Andhra Pradesh,Hyderabad,Digitally Strong & Balanced
Andhra Pradesh,K.V.Rangareddy,Digitally Strong & Balanced
Andhra Pradesh,K.v. Rangareddy,Digitally Strong & Balanced
Andhra Pradesh,Kakinada,Digitally Strong & Balanced
Andhra Pradesh,Karim Nagar,Digitally Strong & Balanced
Andhra Pradesh,Karimnagar,Digitally Strong & Balanced
Andhra Pradesh,Khammam,Digitally Strong & Balanced
Andhra Pradesh,Krishna,Digitally Strong & Balanced
Andhra Pradesh,Kurnool,Digitally Strong but Overburdened
Andhra Pradesh,Mahabub Nagar,Digitally Strong but Overburdened
Andhra Pradesh,Mahabubnagar,Digitally Weak but Stable
Andhra Pradesh,Mahbubnagar,Digitally Strong & Balanced
Andhra Pradesh,Medak,Digitally Strong & Balanced
Andhra Pradesh,N. T. R,Digitally Strong & Balanced
Andhra Pradesh,Nalgonda,Digitally Strong & Balanced
Andhra Pradesh,Nandyal,Digitally Strong & Balanced
Andhra Pradesh,Nellore,Digitally Strong & Balanced
Andhra Pradesh,Nizamabad,Digitally Strong & Balanced
Andhra Pradesh,Palnadu,Digitally Strong & Balanced
Andhra Pradesh,Parvathipuram Manyam,Digitally Strong & Balanced
Andhra Pradesh,Prakasam,Digitally Strong & Balanced
Andhra Pradesh,Rangareddi,Digitally Strong & Balanced
Andhra Pradesh,Sri Potti Sriramulu Nellore,Digitally Strong & Balanced
Andhra Pradesh,Sri Sathya Sai,Digitally Strong & Balanced
Andhra Pradesh,Srikakulam,Digitally Strong & Balanced
Andhra Pradesh,Tirupati,Digitally Strong & Balanced
Andhra Pradesh,Visakhapatnam,Digitally Strong but Overburdened
Andhra Pradesh,Vizianagaram,Digitally Strong & Balanced
Andhra Pradesh,Warangal,Digitally Strong & Balanced
Andhra Pradesh,West Godavari,Digitally Strong & Balanced
Andhra Pradesh,Y. S. R,Digitally Strong & Balanced
Andhra Pradesh,chittoor,Digitally Weak but Stable
Andhra Pradesh,rangareddi,Digitally Weak but Stable
Arunachal Pradesh,Anjaw,Digitally Strong & Balanced
Arunachal Pradesh,Changlang,Digitally Strong & Balanced
Arunachal Pradesh,Dibang Valley,Digitally Strong but Overburdened
Arunachal Pradesh,East Kameng,Digitally Strong & Balanced
Arunachal Pradesh,East Siang,Digitally Strong & Balanced
Arunachal Pradesh,Kamle,Digitally Strong but Overburdened
Arunachal Pradesh,Kra Daadi,Digitally Strong & Balanced
Arunachal Pradesh,Kurung Kumey,Digitally Strong & Balanced
Arunachal Pradesh,Leparada,Digitally Weak but Stable
Arunachal Pradesh,Lohit,Digitally Strong & Balanced
Arunachal Pradesh,Longding,Digitally Strong & Balanced
Arunachal Pradesh,Lower Dibang Valley,Digitally Strong & Balanced
Arunachal Pradesh,Lower Siang,Digitally Strong but Overburdened
Arunachal Pradesh,Lower Subansiri,Digitally Strong & Balanced
Arunachal Pradesh,Namsai,Digitally Strong & Balanced
Arunachal Pradesh,Pakke Kessang,Digitally Strong & Balanced
Arunachal Pradesh,Papum Pare,Digitally Strong & Balanced
Arunachal Pradesh,Shi-yomi,Digitally Strong but Overburdened
Arunachal Pradesh,Siang,Digitally Strong & Balanced
Arunachal Pradesh,Tawang,Digitally Strong & Balanced
Arunachal Pradesh,Tirap,Digitally Strong & Balanced
Arunachal Pradesh,Upper Siang,Digitally Strong & Balanced
Arunachal Pradesh,Upper Subansiri,Digitally Strong & Balanced
Arunachal Pradesh,West Kameng,Digitally Strong & Balanced
Arunachal Pradesh,West Siang,Digitally Strong & Balanced
Assam,Bajali,Digitally Weak but Stable
Assam,Baksa,Digitally Strong & Balanced
Assam,Barpeta,Digitally Strong & Balanced
Assam,Biswanath,Digitally Strong & Balanced
Assam,Bongaigaon,Digitally Strong & Balanced
Assam,Cachar,Digitally Strong & Balanced
Assam,Charaideo,Digitally Strong & Balanced
Assam,Chirang,Digitally Strong & Balanced
Assam,Darrang,Digitally Strong & Balanced
Assam,Dhemaji,Digitally Strong & Balanced
Assam,Dhubri,Digitally Strong & Balanced
Assam,Dibrugarh,Digitally Strong & Balanced
Assam,Dima Hasao,Digitally Weak but Stable
Assam,Goalpara,Digitally Strong & Balanced
Assam,Golaghat,Digitally Strong & Balanced
Assam,Hailakandi,Digitally Strong & Balanced
Assam,Hojai,Digitally Strong & Balanced
Assam,Jorhat,Digitally Strong & Balanced
Assam,Kamrup,Digitally Strong & Balanced
Assam,Kamrup Metro,Digitally Strong & Balanced
Assam,Karbi Anglong,Digitally Strong & Balanced
Assam,Karimganj,Digitally Strong & Balanced
Assam,Kokrajhar,Digitally Strong & Balanced
Assam,Lakhimpur,Digitally Strong & Balanced
Assam,Majuli,Digitally Strong & Balanced
Assam,Marigaon,Digitally Strong & Balanced
Assam,Nagaon,Digitally Strong & Balanced
Assam,Nalbari,Digitally Strong & Balanced
Assam,North Cachar Hills,Digitally Strong & Balanced
Assam,Sibsagar,Digitally Strong & Balanced
Assam,Sonitpur,Digitally Strong & Balanced
Assam,South Salmara Mankachar,Digitally Strong & Balanced
Assam,Sribhumi,Digitally Weak but Stable
Assam,Tamulpur District,Digitally Weak but Stable
Assam,Tinsukia,Digitally Strong & Balanced
Assam,Udalguri,Digitally Strong & Balanced
Assam,West Karbi Anglong,Digitally Strong & Balanced
Bihar,Araria,Digitally Strong & Balanced
Bihar,Arwal,Digitally Strong & Balanced
Bihar,Aurangabad,Digitally Strong & Balanced
Bihar,Aurangabad(BH),Digitally Weak but Stable
Bihar,Aurangabad(bh),Digitally Weak but Stable
Bihar,Banka,Digitally Strong & Balanced
Bihar,Begusarai,Digitally Strong & Balanced
Bihar,Bhabua,Digitally Weak but Stable
Bihar,Bhagalpur,Digitally Strong & Balanced
Bihar,Bhojpur,Digitally Strong & Balanced
Bihar,Buxar,Digitally Strong & Balanced
Bihar,Darbhanga,Digitally Strong & Balanced
Bihar,East Champaran,Digitally Strong & Balanced
Bihar,Gaya,Digitally Strong & Balanced
Bihar,Gopalganj,Digitally Strong & Balanced
Bihar,Jamui,Digitally Strong & Balanced
Bihar,Jehanabad,Digitally Strong & Balanced
Bihar,Kaimur (Bhabua),Digitally Strong & Balanced
Bihar,Katihar,Digitally Strong & Balanced
Bihar,Khagaria,Digitally Strong & Balanced
Bihar,Kishanganj,Digitally Strong & Balanced
Bihar,Lakhisarai,Digitally Strong & Balanced
Bihar,Madhepura,Digitally Strong & Balanced
Bihar,Madhubani,Digitally Strong & Balanced
Bihar,Monghyr,Digitally Weak but Stable
Bihar,Munger,Digitally Strong & Balanced
Bihar,Muzaffarpur,Digitally Strong & Balanced
Bihar,Nalanda,Digitally Strong & Balanced
Bihar,Nawada,Digitally Strong & Balanced
Bihar,Pashchim Champaran,Digitally Strong & Balanced
Bihar,Patna,Digitally Strong & Balanced
Bihar,Purba Champaran,Digitally Weak but Stable
Bihar,Purnea,Digitally Strong & Balanced
Bihar,Purnia,Digitally Strong & Balanced
Bihar,Rohtas,Digitally Strong & Balanced
Bihar,Saharsa,Digitally Strong & Balanced
Bihar,Samastipur,Digitally Strong & Balanced
Bihar,Samstipur,Digitally Weak but Stable
Bihar,Saran,Digitally Strong & Balanced
Bihar,Sheikhpura,Digitally Strong & Balanced
Bihar,Sheikpura,Digitally Weak but Stable
Bihar,Sheohar,Digitally Strong & Balanced
Bihar,Sitamarhi,Digitally Strong & Balanced
Bihar,Siwan,Digitally Strong & Balanced
Bihar,Supaul,Digitally Strong & Balanced
Bihar,Vaishali,Digitally Strong & Balanced
Bihar,West Champaran,Digitally Strong & Balanced
Chandigarh,Chandigarh,Digitally Strong but Overburdened
Chandigarh,Mohali,Digitally Weak but Stable
Chandigarh,Rupnagar,Digitally Weak but Stable
Chhattisgarh,Balod,Digitally Strong & Balanced
Chhattisgarh,Baloda Bazar,Digitally Strong & Balanced
Chhattisgarh,Balrampur,Digitally Strong & Balanced
Chhattisgarh,Bastar,Digitally Strong & Balanced
Chhattisgarh,Bemetara,Digitally Strong & Balanced
Chhattisgarh,Bijapur,Digitally Strong & Balanced
Chhattisgarh,Bilaspur,Digitally Strong & Balanced
Chhattisgarh,Dakshin Bastar Dantewada,Digitally Strong & Balanced
Chhattisgarh,Dantewada,Digitally Strong & Balanced
Chhattisgarh,Dhamtari,Digitally Strong & Balanced
Chhattisgarh,Durg,Digitally Strong & Balanced
Chhattisgarh,Gariyaband,Digitally Strong & Balanced
Chhattisgarh,Gaurela-pendra-marwahi,Digitally Strong & Balanced
Chhattisgarh,Janjgir - Champa,Digitally Weak but Stable
Chhattisgarh,Janjgir Champa,Digitally Weak but Stable
Chhattisgarh,Janjgir-champa,Digitally Strong & Balanced
Chhattisgarh,Jashpur,Digitally Strong & Balanced
Chhattisgarh,Kabeerdham,Digitally Strong & Balanced
Chhattisgarh,Kanker,Digitally Strong & Balanced
Chhattisgarh,Kawardha,Digitally Strong & Balanced
Chhattisgarh,Khairagarh Chhuikhadan Gandai,Digitally Strong but Overburdened
Chhattisgarh,Kondagaon,Digitally Strong & Balanced
Chhattisgarh,Korba,Digitally Strong & Balanced
Chhattisgarh,Koriya,Digitally Strong & Balanced
Chhattisgarh,Mahasamund,Digitally Strong & Balanced
Chhattisgarh,ManendragarhChirmiriBharatpur,Digitally Weak but Stable
Chhattisgarh,Manendragarh–Chirmiri–Bharatpur,Digitally Weak but Stable
Chhattisgarh,Mohalla-Manpur-Ambagarh Chowki,Digitally Underserved
Chhattisgarh,Mohla-Manpur-Ambagarh Chouki,Digitally Strong & Balanced
Chhattisgarh,Mungeli,Digitally Strong & Balanced
Chhattisgarh,Narayanpur,Digitally Strong & Balanced
Chhattisgarh,Raigarh,Digitally Strong & Balanced
Chhattisgarh,Raipur,Digitally Strong & Balanced
Chhattisgarh,Rajnandgaon,Digitally Strong & Balanced
Chhattisgarh,Sakti,Digitally Strong & Balanced
Chhattisgarh,Sarangarh-Bilaigarh,Digitally Weak but Stable
Chhattisgarh,Sukma,Digitally Strong & Balanced
Chhattisgarh,Surajpur,Digitally Strong & Balanced
Chhattisgarh,Surguja,Digitally Strong & Balanced
Chhattisgarh,Uttar Bastar Kanker,Digitally Strong & Balanced
Dadra & Nagar Haveli and Daman & Diu,Dadra & Nagar Haveli,Digitally Strong & Balanced
Dadra & Nagar Haveli and Daman & Diu,Dadra and Nagar Haveli,Digitally Strong & Balanced
Dadra & Nagar Haveli and Daman & Diu,Daman,Digitally Strong & Balanced
Dadra & Nagar Haveli and Daman & Diu,Diu,Digitally Strong & Balanced
Delhi,Central Delhi,Digitally Strong & Balanced
Delhi,East Delhi,Digitally Strong & Balanced
Delhi,Najafgarh,Digitally Underserved
Delhi,New Delhi,Digitally Strong & Balanced
Delhi,North Delhi,Digitally Strong & Balanced
Delhi,North East,Digitally Underserved
Delhi,North East Delhi,Digitally Strong & Balanced
Delhi,North West Delhi,Digitally Strong but Overburdened
Delhi,Shahdara,Digitally Strong & Balanced
Delhi,South Delhi,Digitally Strong but Overburdened
Delhi,South East Delhi,Digitally Strong & Balanced
Delhi,South West Delhi,Digitally Strong & Balanced
Delhi,West Delhi,Digitally Strong & Balanced
Goa,Bardez,Digitally Weak but Stable
Goa,North Goa,Digitally Strong & Balanced
Goa,South Goa,Digitally Strong & Balanced
Goa,Tiswadi,Digitally Weak but Stable
Gujarat,Ahmadabad,Digitally Underserved
Gujarat,Ahmedabad,Digitally Strong but Overburdened
Gujarat,Amreli,Digitally Strong & Balanced
Gujarat,Anand,Digitally Strong & Balanced
Gujarat,Arvalli,Digitally Strong & Balanced
Gujarat,Banas Kantha,Digitally Underserved
Gujarat,Banaskantha,Digitally Strong & Balanced
Gujarat,Bharuch,Digitally Strong & Balanced
Gujarat,Bhavnagar,Digitally Strong & Balanced
Gujarat,Botad,Digitally Strong & Balanced
Gujarat,Chhotaudepur,Digitally Strong & Balanced
Gujarat,Dahod,Digitally Strong & Balanced
Gujarat,Devbhumi Dwarka,Digitally Strong & Balanced
Gujarat,Dohad,Digitally Strong & Balanced
Gujarat,Gandhinagar,Digitally Strong & Balanced
Gujarat,Gir Somnath,Digitally Strong & Balanced
Gujarat,Jamnagar,Digitally Strong & Balanced
Gujarat,Junagadh,Digitally Strong & Balanced
Gujarat,Kachchh,Digitally Strong & Balanced
Gujarat,Kheda,Digitally Strong & Balanced
Gujarat,Mahesana,Digitally Strong & Balanced
Gujarat,Mahisagar,Digitally Strong & Balanced
Gujarat,Morbi,Digitally Strong & Balanced
Gujarat,Narmada,Digitally Strong & Balanced
Gujarat,Navsari,Digitally Strong & Balanced
Gujarat,Panch Mahals,Digitally Weak but Stable
Gujarat,Panchmahals,Digitally Strong & Balanced
Gujarat,Patan,Digitally Strong & Balanced
Gujarat,Porbandar,Digitally Strong & Balanced
Gujarat,Rajkot,Digitally Strong & Balanced
Gujarat,Sabar Kantha,Digitally Weak but Stable
Gujarat,Sabarkantha,Digitally Strong & Balanced
Gujarat,Surat,Digitally Strong & Balanced
Gujarat,Surendra Nagar,Digitally Strong & Balanced
Gujarat,Surendranagar,Digitally Weak but Stable
Gujarat,Tapi,Digitally Strong & Balanced
Gujarat,The Dangs,Digitally Strong & Balanced
Gujarat,Vadodara,Digitally Strong & Balanced
Gujarat,Valsad,Digitally Strong & Balanced
Haryana,Akhera,Digitally Weak but Stable
Haryana,Ambala,Digitally Strong & Balanced
Haryana,Bhiwani,Digitally Strong & Balanced
Haryana,Charkhi Dadri,Digitally Strong & Balanced
Haryana,Faridabad,Digitally Strong & Balanced
Haryana,Fatehabad,Digitally Strong & Balanced
Haryana,Gurgaon,Digitally Strong & Balanced
Haryana,Hisar,Digitally Strong & Balanced
Haryana,Jhajjar,Digitally Strong & Balanced
Haryana,Jind,Digitally Strong & Balanced
Haryana,Kaithal,Digitally Strong & Balanced
Haryana,Karnal,Digitally Strong & Balanced
Haryana,Kurukshetra,Digitally Strong & Balanced
Haryana,Mahendragarh,Digitally Strong & Balanced
Haryana,Mewat,Digitally Strong & Balanced
Haryana,Palwal,Digitally Strong & Balanced
Haryana,Panchkula,Digitally Strong & Balanced
Haryana,Panipat,Digitally Strong & Balanced
Haryana,Rewari,Digitally Strong & Balanced
Haryana,Rohtak,Digitally Strong & Balanced
Haryana,Sirsa,Digitally Strong & Balanced
Haryana,Sonipat,Digitally Strong & Balanced
Haryana,Yamuna Nagar,Digitally Strong & Balanced
Haryana,Yamunanagar,Digitally Strong & Balanced
Himachal Pradesh,Bilaspur,Digitally Strong & Balanced
Himachal Pradesh,Chamba,Digitally Strong & Balanced
Himachal Pradesh,Hamirpur,Digitally Strong & Balanced
Himachal Pradesh,Kangra,Digitally Strong & Balanced
Himachal Pradesh,Kinnaur,Digitally Strong & Balanced
Himachal Pradesh,Kullu,Digitally Strong & Balanced
Himachal Pradesh,Lahaul and Spiti,Digitally Weak but Stable
Himachal Pradesh,Lahul & Spiti,Digitally Strong & Balanced
Himachal Pradesh,Lahul and Spiti,Digitally Strong & Balanced
Himachal Pradesh,Mandi,Digitally Strong & Balanced
Himachal Pradesh,Shimla,Digitally Strong & Balanced
Himachal Pradesh,Sirmaur,Digitally Strong & Balanced
Himachal Pradesh,Solan,Digitally Strong & Balanced
Himachal Pradesh,Una,Digitally Strong & Balanced
Jammu & Kashmir,?,Digitally Weak but Stable
Jammu & Kashmir,Anantnag,Digitally Strong & Balanced
Jammu & Kashmir,Badgam,Digitally Strong & Balanced
Jammu & Kashmir,Bandipore,Digitally Strong & Balanced
Jammu & Kashmir,Bandipur,Digitally Weak but Stable
Jammu & Kashmir,Baramula,Digitally Strong & Balanced
Jammu & Kashmir,Budgam,Digitally Strong & Balanced
Jammu & Kashmir,Doda,Digitally Strong & Balanced
Jammu & Kashmir,Ganderbal,Digitally Strong & Balanced
Jammu & Kashmir,Jammu,Digitally Strong & Balanced
Jammu & Kashmir,Kargil,Digitally Strong & Balanced
Jammu & Kashmir,Kathua,Digitally Strong & Balanced
Jammu & Kashmir,Kishtwar,Digitally Strong & Balanced
Jammu & Kashmir,Kulgam,Digitally Strong & Balanced
Jammu & Kashmir,Kupwara,Digitally Strong & Balanced
Jammu & Kashmir,Leh,Digitally Strong & Balanced
Jammu & Kashmir,Leh (ladakh),Digitally Weak but Stable
Jammu & Kashmir,Poonch,Digitally Weak but Stable
Jammu & Kashmir,Pulwama,Digitally Strong & Balanced
Jammu & Kashmir,Punch,Digitally Strong & Balanced
Jammu & Kashmir,Rajauri,Digitally Weak but Stable
Jammu & Kashmir,Rajouri,Digitally Strong & Balanced
Jammu & Kashmir,Ramban,Digitally Strong & Balanced
Jammu & Kashmir,Reasi,Digitally Strong & Balanced
Jammu & Kashmir,Samba,Digitally Strong & Balanced
Jammu & Kashmir,Shupiyan,Digitally Strong & Balanced
Jammu & Kashmir,Srinagar,Digitally Strong & Balanced
Jammu & Kashmir,Udhampur,Digitally Strong & Balanced
Jammu & Kashmir,udhampur,Digitally Weak but Stable
Jharkhand,Bokaro,Digitally Strong & Balanced
Jharkhand,Bokaro *,Digitally Weak but Stable
Jharkhand,Chatra,Digitally Strong & Balanced
Jharkhand,Deoghar,Digitally Strong & Balanced
Jharkhand,Dhanbad,Digitally Strong & Balanced
Jharkhand,Dumka,Digitally Strong & Balanced
Jharkhand,East Singhbhum,Digitally Strong & Balanced
Jharkhand,Garhwa,Digitally Strong & Balanced
Jharkhand,Garhwa *,Digitally Underserved
Jharkhand,Giridih,Digitally Strong & Balanced
Jharkhand,Godda,Digitally Strong & Balanced
Jharkhand,Gumla,Digitally Strong & Balanced
Jharkhand,Hazaribag,Digitally Strong & Balanced
Jharkhand,Hazaribagh,Digitally Strong & Balanced
Jharkhand,Jamtara,Digitally Strong & Balanced
Jharkhand,Khunti,Digitally Strong & Balanced
Jharkhand,Kodarma,Digitally Strong & Balanced
Jharkhand,Koderma,Digitally Strong & Balanced
Jharkhand,Latehar,Digitally Strong & Balanced
Jharkhand,Lohardaga,Digitally Strong & Balanced
Jharkhand,Pakaur,Digitally Strong & Balanced
Jharkhand,Pakur,Digitally Strong & Balanced
Jharkhand,Palamau,Digitally Strong & Balanced
Jharkhand,Palamu,Digitally Strong & Balanced
Jharkhand,Pashchimi Singhbhum,Digitally Strong & Balanced
Jharkhand,Purbi Singhbhum,Digitally Strong & Balanced
Jharkhand,Ramgarh,Digitally Strong & Balanced
Jharkhand,Ranchi,Digitally Strong & Balanced
Jharkhand,Sahebganj,Digitally Strong & Balanced
Jharkhand,Sahibganj,Digitally Strong & Balanced
Jharkhand,Seraikela-Kharsawan,Digitally Strong & Balanced
Jharkhand,Seraikela-kharsawan,Digitally Strong & Balanced
Jharkhand,Simdega,Digitally Strong & Balanced
Jharkhand,West Singhbhum,Digitally Strong & Balanced
Karnataka,Bagalkot,Digitally Strong & Balanced
Karnataka,Bagalkot *,Digitally Strong & Balanced
Karnataka,Ballari,Digitally Strong & Balanced
Karnataka,Bangalore,Digitally Strong & Balanced
Karnataka,Bangalore Rural,Digitally Strong & Balanced
Karnataka,Belagavi,Digitally Strong & Balanced
Karnataka,Belgaum,Digitally Strong & Balanced
Karnataka,Bellary,Digitally Strong & Balanced
Karnataka,Bengaluru,Digitally Strong & Balanced
Karnataka,Bengaluru Rural,Digitally Weak but Stable
Karnataka,Bengaluru South,Digitally Weak but Stable
Karnataka,Bidar,Digitally Strong & Balanced
Karnataka,Bijapur,Digitally Strong & Balanced
Karnataka,Bijapur(KAR),Digitally Weak but Stable
Karnataka,Chamarajanagar,Digitally Strong & Balanced
Karnataka,Chamarajanagar *,Digitally Weak but Stable
Karnataka,Chamrajanagar,Digitally Strong & Balanced
Karnataka,Chamrajnagar,Digitally Strong & Balanced
Karnataka,Chickmagalur,Digitally Strong & Balanced
Karnataka,Chikkaballapur,Digitally Strong & Balanced
Karnataka,Chikkamagaluru,Digitally Strong & Balanced
Karnataka,Chikmagalur,Digitally Strong & Balanced
Karnataka,Chitradurga,Digitally Strong & Balanced
Karnataka,Dakshina Kannada,Digitally Strong & Balanced
Karnataka,Davanagere,Digitally Strong & Balanced
Karnataka,Davangere,Digitally Strong & Balanced
Karnataka,Dharwad,Digitally Strong & Balanced
Karnataka,Gadag,Digitally Strong & Balanced
Karnataka,Gadag *,Digitally Strong & Balanced
Karnataka,Gulbarga,Digitally Strong & Balanced
Karnataka,Hasan,Digitally Strong & Balanced
Karnataka,Hassan,Digitally Strong & Balanced
Karnataka,Haveri,Digitally Strong & Balanced
Karnataka,Haveri *,Digitally Strong & Balanced
Karnataka,Kalaburagi,Digitally Strong & Balanced
Karnataka,Kodagu,Digitally Strong & Balanced
Karnataka,Kolar,Digitally Strong & Balanced
Karnataka,Koppal,Digitally Strong & Balanced
Karnataka,Mandya,Digitally Strong & Balanced
Karnataka,Mysore,Digitally Strong & Balanced
Karnataka,Mysuru,Digitally Strong & Balanced
Karnataka,Raichur,Digitally Strong & Balanced
Karnataka,Ramanagar,Digitally Strong & Balanced
Karnataka,Shimoga,Digitally Strong & Balanced
Karnataka,Shivamogga,Digitally Strong & Balanced
Karnataka,Tumakuru,Digitally Strong & Balanced
Karnataka,Tumkur,Digitally Strong & Balanced
Karnataka,Udupi,Digitally Strong & Balanced
Karnataka,Udupi *,Digitally Weak but Stable
Karnataka,Uttara Kannada,Digitally Strong & Balanced
Karnataka,Vijayanagara,Digitally Strong & Balanced
Karnataka,Vijayapura,Digitally Strong & Balanced
Karnataka,Yadgir,Digitally Strong & Balanced
Karnataka,yadgir,Digitally Strong & Balanced
Kerala,Alappuzha,Digitally Strong & Balanced
Kerala,Ernakulam,Digitally Strong & Balanced
Kerala,Idukki,Digitally Strong & Balanced
Kerala,Kannur,Digitally Strong & Balanced
Kerala,Kasaragod,Digitally Strong & Balanced
Kerala,Kasargod,Digitally Underserved
Kerala,Kollam,Digitally Strong & Balanced
Kerala,Kottayam,Digitally Strong & Balanced
Kerala,Kozhikode,Digitally Strong & Balanced
Kerala,Malappuram,Digitally Strong & Balanced
Kerala,Palakkad,Digitally Strong & Balanced
Kerala,Pathanamthitta,Digitally Strong & Balanced
Kerala,Thiruvananthapuram,Digitally Strong & Balanced
Kerala,Thrissur,Digitally Strong & Balanced
Kerala,Wayanad,Digitally Strong & Balanced
Ladakh,Kargil,Digitally Strong & Balanced
Ladakh,Leh,Digitally Strong & Balanced
Lakshadweep,Lakshadweep,Digitally Strong & Balanced
Madhya Pradesh,Agar Malwa,Digitally Strong & Balanced
Madhya Pradesh,Alirajpur,Digitally Strong & Balanced
Madhya Pradesh,Anuppur,Digitally Strong & Balanced
Madhya Pradesh,Ashok Nagar,Digitally Strong & Balanced
Madhya Pradesh,Balaghat,Digitally Strong & Balanced
Madhya Pradesh,Barwani,Digitally Strong & Balanced
Madhya Pradesh,Betul,Digitally Strong & Balanced
Madhya Pradesh,Bhind,Digitally Strong & Balanced
Madhya Pradesh,Bhopal,Digitally Strong & Balanced
Madhya Pradesh,Burhanpur,Digitally Strong & Balanced
Madhya Pradesh,Chhatarpur,Digitally Strong & Balanced
Madhya Pradesh,Chhindwara,Digitally Strong & Balanced
Madhya Pradesh,Damoh,Digitally Strong & Balanced
Madhya Pradesh,Datia,Digitally Strong & Balanced
Madhya Pradesh,Dewas,Digitally Strong & Balanced
Madhya Pradesh,Dhar,Digitally Strong & Balanced
Madhya Pradesh,Dindori,Digitally Strong & Balanced
Madhya Pradesh,East Nimar,Digitally Strong & Balanced
Madhya Pradesh,Guna,Digitally Strong & Balanced
Madhya Pradesh,Gwalior,Digitally Strong & Balanced
Madhya Pradesh,Harda,Digitally Strong & Balanced
Madhya Pradesh,Harda *,Digitally Strong & Balanced
Madhya Pradesh,Hoshangabad,Digitally Strong & Balanced
Madhya Pradesh,Indore,Digitally Strong & Balanced
Madhya Pradesh,Jabalpur,Digitally Strong & Balanced
Madhya Pradesh,Jhabua,Digitally Strong & Balanced
Madhya Pradesh,Katni,Digitally Strong & Balanced
Madhya Pradesh,Khandwa,Digitally Strong & Balanced
Madhya Pradesh,Khargone,Digitally Strong & Balanced
Madhya Pradesh,Maihar,Digitally Strong & Balanced
Madhya Pradesh,Mandla,Digitally Strong & Balanced
Madhya Pradesh,Mandsaur,Digitally Strong & Balanced
Madhya Pradesh,Mauganj,Digitally Underserved
Madhya Pradesh,Morena,Digitally Strong & Balanced
Madhya Pradesh,Narmadapuram,Digitally Strong & Balanced
Madhya Pradesh,Narsimhapur,Digitally Strong & Balanced
Madhya Pradesh,Narsinghpur,Digitally Strong & Balanced
Madhya Pradesh,Neemuch,Digitally Strong & Balanced
Madhya Pradesh,Niwari,Digitally Strong & Balanced
Madhya Pradesh,Pandhurna,Digitally Strong & Balanced
Madhya Pradesh,Panna,Digitally Strong & Balanced
Madhya Pradesh,Raisen,Digitally Strong & Balanced
Madhya Pradesh,Rajgarh,Digitally Strong & Balanced
Madhya Pradesh,Ratlam,Digitally Strong & Balanced
Madhya Pradesh,Rewa,Digitally Strong & Balanced
Madhya Pradesh,Sagar,Digitally Strong & Balanced
Madhya Pradesh,Satna,Digitally Strong & Balanced
Madhya Pradesh,Sehore,Digitally Strong & Balanced
Madhya Pradesh,Seoni,Digitally Strong & Balanced
Madhya Pradesh,Shahdol,Digitally Strong & Balanced
Madhya Pradesh,Shajapur,Digitally Strong & Balanced
Madhya Pradesh,Sheopur,Digitally Strong & Balanced
Madhya Pradesh,Shivpuri,Digitally Strong but Overburdened
Madhya Pradesh,Sidhi,Digitally Strong & Balanced
Madhya Pradesh,Singrauli,Digitally Strong & Balanced
Madhya Pradesh,Tikamgarh,Digitally Strong & Balanced
Madhya Pradesh,Ujjain,Digitally Strong & Balanced
Madhya Pradesh,Umaria,Digitally Strong & Balanced
Madhya Pradesh,Vidisha,Digitally Strong & Balanced
Madhya Pradesh,West Nimar,Digitally Strong & Balanced
Maharashtra,Ahilyanagar,Digitally Weak but Stable
Maharashtra,Ahmadnagar,Digitally Strong but Overburdened
Maharashtra,Ahmed Nagar,Digitally Strong & Balanced
Maharashtra,Akola,Digitally Strong & Balanced
Maharashtra,Amravati,Digitally Strong & Balanced
Maharashtra,Aurangabad,Digitally Strong & Balanced
Maharashtra,Beed,Digitally Strong & Balanced
Maharashtra,Bhandara,Digitally Strong & Balanced
Maharashtra,Bid,Digitally Underserved
Maharashtra,Buldana,Digitally Underserved
Maharashtra,Buldhana,Digitally Strong & Balanced
Maharashtra,Chandrapur,Digitally Strong & Balanced
Maharashtra,Chatrapati Sambhaji Nagar,Digitally Strong & Balanced
Maharashtra,Chhatrapati Sambhajinagar,Digitally Strong & Balanced
Maharashtra,Dharashiv,Digitally Strong & Balanced
Maharashtra,Dhule,Digitally Strong & Balanced
Maharashtra,Gadchiroli,Digitally Strong & Balanced
Maharashtra,Gondia,Digitally Weak but Stable
Maharashtra,Gondiya,Digitally Strong & Balanced
Maharashtra,Gondiya *,Digitally Weak but Stable
Maharashtra,Hingoli,Digitally Strong & Balanced
Maharashtra,Hingoli *,Digitally Weak but Stable
Maharashtra,Jalgaon,Digitally Strong but Overburdened
Maharashtra,Jalna,Digitally Strong & Balanced
Maharashtra,Kolhapur,Digitally Strong & Balanced
Maharashtra,Latur,Digitally Strong & Balanced
Maharashtra,Mumbai,Digitally Strong but Overburdened
Maharashtra,Mumbai City,Digitally Strong & Balanced
Maharashtra,Mumbai Suburban,Digitally Strong & Balanced
Maharashtra,Mumbai( Sub Urban ),Digitally Underserved
Maharashtra,Nagpur,Digitally Strong & Balanced
Maharashtra,Nanded,Digitally Strong & Balanced
Maharashtra,Nandurbar,Digitally Strong & Balanced
Maharashtra,Nandurbar *,Digitally Weak but Stable
Maharashtra,Nashik,Digitally Strong but Overburdened
Maharashtra,Osmanabad,Digitally Strong & Balanced
Maharashtra,Palghar,Digitally Strong & Balanced
Maharashtra,Parbhani,Digitally Strong & Balanced
Maharashtra,Pune,Digitally Strong but Overburdened
Maharashtra,Raigad,Digitally Strong & Balanced
Maharashtra,Raigarh,Digitally Strong & Balanced
Maharashtra,Raigarh(MH),Digitally Weak but Stable
Maharashtra,Ratnagiri,Digitally Strong & Balanced
Maharashtra,Sangli,Digitally Strong & Balanced
Maharashtra,Satara,Digitally Strong & Balanced
Maharashtra,Sindhudurg,Digitally Strong & Balanced
Maharashtra,Solapur,Digitally Strong but Overburdened
Maharashtra,Thane,Digitally Strong but Overburdened
Maharashtra,Wardha,Digitally Strong & Balanced
Maharashtra,Washim,Digitally Strong & Balanced
Maharashtra,Washim *,Digitally Weak but Stable
Maharashtra,Yavatmal,Digitally Strong & Balanced
Manipur,Bishnupur,Digitally Strong but Overburdened
Manipur,Chandel,Digitally Strong & Balanced
Manipur,Churachandpur,Digitally Strong & Balanced
Manipur,Imphal East,Digitally Strong but Overburdened
Manipur,Imphal West,Digitally Strong but Overburdened
Manipur,Jiribam,Digitally Strong & Balanced
Manipur,Kakching,Digitally Strong but Overburdened
Manipur,Pherzawl,Digitally Weak but Stable
Manipur,Senapati,Digitally Strong & Balanced
Manipur,Tamenglong,Digitally Strong & Balanced
Manipur,Thoubal,Digitally Strong but Overburdened
Manipur,Ukhrul,Digitally Strong & Balanced
Meghalaya,East Garo Hills,Digitally Strong & Balanced
Meghalaya,East Jaintia Hills,Digitally Strong & Balanced
Meghalaya,East Khasi Hills,Digitally Strong & Balanced
Meghalaya,Eastern West Khasi Hills,Digitally Weak but Stable
Meghalaya,Jaintia Hills,Digitally Weak but Stable
Meghalaya,North Garo Hills,Digitally Strong & Balanced
Meghalaya,Ri Bhoi,Digitally Strong & Balanced
Meghalaya,South Garo Hills,Digitally Strong & Balanced
Meghalaya,South West Garo Hills,Digitally Strong & Balanced
Meghalaya,South West Khasi Hills,Digitally Strong & Balanced
Meghalaya,West Garo Hills,Digitally Strong & Balanced
Meghalaya,West Jaintia Hills,Digitally Strong & Balanced
Meghalaya,West Khasi Hills,Digitally Strong & Balanced
Mizoram,Aizawl,Digitally Strong but Overburdened
Mizoram,Champhai,Digitally Strong but Overburdened
Mizoram,Hnahthial,Digitally Weak but Stable
Mizoram,Khawzawl,Digitally Weak but Stable
Mizoram,Kolasib,Digitally Strong but Overburdened
Mizoram,Lawngtlai,Digitally Strong & Balanced
Mizoram,Lunglei,Digitally Strong but Overburdened
Mizoram,Mamit,Digitally Strong but Overburdened
Mizoram,Mammit,Digitally Strong but Overburdened
Mizoram,Saiha,Digitally Strong but Overburdened
Mizoram,Saitual,Digitally Strong & Balanced
Mizoram,Serchhip,Digitally Strong but Overburdened
Nagaland,Chumukedima,Digitally Strong & Balanced
Nagaland,Dimapur,Digitally Strong & Balanced
Nagaland,Kiphire,Digitally Strong & Balanced
Nagaland,Kohima,Digitally Strong & Balanced
Nagaland,Longleng,Digitally Strong & Balanced
Nagaland,Meluri,Digitally Weak but Stable
Nagaland,Mokokchung,Digitally Strong & Balanced
Nagaland,Mon,Digitally Strong & Balanced
Nagaland,Niuland,Digitally Strong & Balanced
Nagaland,Noklak,Digitally Strong & Balanced
Nagaland,Peren,Digitally Strong & Balanced
Nagaland,Phek,Digitally Strong & Balanced
Nagaland,Shamator,Digitally Strong & Balanced
Nagaland,Tseminyu,Digitally Strong but Overburdened
Nagaland,Tuensang,Digitally Strong & Balanced
Nagaland,Wokha,Digitally Strong & Balanced
Nagaland,Zunheboto,Digitally Strong & Balanced
Odisha,ANGUL,Digitally Weak but Stable
Odisha,ANUGUL,Digitally Strong & Balanced
Odisha,Angul,Digitally Strong & Balanced
Odisha,Anugal,Digitally Weak but Stable
Odisha,Anugul,Digitally Strong & Balanced
Odisha,Anugul  *,Digitally Weak but Stable
Odisha,BALANGIR,Digitally Weak but Stable
Odisha,Balangir,Digitally Strong & Balanced
Odisha,Baleshwar,Digitally Strong & Balanced
Odisha,Baleswar,Digitally Strong & Balanced
Odisha,Bargarh,Digitally Strong & Balanced
Odisha,Baudh,Digitally Strong & Balanced
Odisha,Bhadrak,Digitally Strong & Balanced
Odisha,Boudh,Digitally Strong & Balanced
Odisha,Cuttack,Digitally Strong & Balanced
Odisha,Debagarh,Digitally Strong & Balanced
Odisha,Dhenkanal,Digitally Strong & Balanced
Odisha,Gajapati,Digitally Strong & Balanced
Odisha,Ganjam,Digitally Strong & Balanced
Odisha,JAJPUR,Digitally Strong & Balanced
Odisha,Jagatsinghapur,Digitally Strong & Balanced
Odisha,Jagatsinghpur,Digitally Strong & Balanced
Odisha,Jajapur,Digitally Strong & Balanced
Odisha,Jajpur,Digitally Strong & Balanced
Odisha,Jharsuguda,Digitally Strong & Balanced
Odisha,Kalahandi,Digitally Strong & Balanced
Odisha,Kandhamal,Digitally Strong & Balanced
Odisha,Kendrapara,Digitally Strong & Balanced
Odisha,Kendujhar,Digitally Strong & Balanced
Odisha,Khorda,Digitally Strong & Balanced
Odisha,Khordha,Digitally Strong & Balanced
Odisha,Khordha  *,Digitally Weak but Stable
Odisha,Koraput,Digitally Strong & Balanced
Odisha,Malkangiri,Digitally Strong & Balanced
Odisha,Mayurbhanj,Digitally Strong & Balanced
Odisha,NAYAGARH,Digitally Weak but Stable
Odisha,NUAPADA,Digitally Strong & Balanced
Odisha,Nabarangapur,Digitally Strong & Balanced
Odisha,Nayagarh,Digitally Strong & Balanced
Odisha,Nuapada,Digitally Strong & Balanced
Odisha,Puri,Digitally Strong & Balanced
Odisha,Rayagada,Digitally Strong & Balanced
Odisha,Sambalpur,Digitally Strong & Balanced
Odisha,Sonapur,Digitally Strong & Balanced
Odisha,Subarnapur,Digitally Strong & Balanced
Odisha,Sundargarh,Digitally Strong & Balanced
Odisha,Sundergarh,Digitally Strong & Balanced
Odisha,jajpur,Digitally Strong & Balanced
Puducherry,Cuddalore,Digitally Weak but Stable
Puducherry,Karaikal,Digitally Strong & Balanced
Puducherry,Pondicherry,Digitally Strong & Balanced
Puducherry,Puducherry,Digitally Strong & Balanced
Puducherry,Viluppuram,Digitally Weak but Stable
Puducherry,Yanam,Digitally Weak but Stable
Punjab,Amritsar,Digitally Strong & Balanced
Punjab,Barnala,Digitally Strong & Balanced
Punjab,Bathinda,Digitally Strong & Balanced
Punjab,Faridkot,Digitally Strong & Balanced
Punjab,Fatehgarh Sahib,Digitally Strong & Balanced
Punjab,Fazilka,Digitally Strong & Balanced
Punjab,Ferozepur,Digitally Strong & Balanced
Punjab,Firozpur,Digitally Strong & Balanced
Punjab,Gurdaspur,Digitally Strong & Balanced
Punjab,Hoshiarpur,Digitally Strong & Balanced
Punjab,Jalandhar,Digitally Strong & Balanced
Punjab,Kapurthala,Digitally Strong & Balanced
Punjab,Ludhiana,Digitally Strong & Balanced
Punjab,Malerkotla,Digitally Strong & Balanced
Punjab,Mansa,Digitally Strong & Balanced
Punjab,Moga,Digitally Strong & Balanced
Punjab,Muktsar,Digitally Underserved
Punjab,Nawanshahr,Digitally Underserved
Punjab,Pathankot,Digitally Strong & Balanced
Punjab,Patiala,Digitally Strong & Balanced
Punjab,Rupnagar,Digitally Strong & Balanced
Punjab,S.A.S Nagar(Mohali),Digitally Strong & Balanced
Punjab,SAS Nagar (Mohali),Digitally Strong & Balanced
Punjab,Sangrur,Digitally Strong & Balanced
Punjab,Shaheed Bhagat Singh Nagar,Digitally Strong & Balanced
Punjab,Sri Muktsar Sahib,Digitally Strong & Balanced
Punjab,Tarn Taran,Digitally Strong & Balanced
Rajasthan,Ajmer,Digitally Strong & Balanced
Rajasthan,Alwar,Digitally Strong & Balanced
Rajasthan,Balotra,Digitally Weak but Stable
Rajasthan,Banswara,Digitally Strong & Balanced
Rajasthan,Baran,Digitally Strong & Balanced
Rajasthan,Barmer,Digitally Strong & Balanced
Rajasthan,Beawar,Digitally Weak but Stable
Rajasthan,Bharatpur,Digitally Strong & Balanced
Rajasthan,Bhilwara,Digitally Strong & Balanced
Rajasthan,Bikaner,Digitally Strong & Balanced
Rajasthan,Bundi,Digitally Strong & Balanced
Rajasthan,Chittaurgarh,Digitally Strong & Balanced
Rajasthan,Chittorgarh,Digitally Strong & Balanced
Rajasthan,Churu,Digitally Strong & Balanced
Rajasthan,Dausa,Digitally Strong & Balanced
Rajasthan,Deeg,Digitally Underserved
Rajasthan,Deeg ,Digitally Weak but Stable
Rajasthan,Dhaulpur,Digitally Strong & Balanced
Rajasthan,Dholpur,Digitally Strong & Balanced
Rajasthan,Didwana-Kuchaman,Digitally Weak but Stable
Rajasthan,Dungarpur,Digitally Strong & Balanced
Rajasthan,Ganganagar,Digitally Strong & Balanced
Rajasthan,Hanumangarh,Digitally Strong & Balanced
Rajasthan,Jaipur,Digitally Strong but Overburdened
Rajasthan,Jaisalmer,Digitally Strong & Balanced
Rajasthan,Jalor,Digitally Strong & Balanced
Rajasthan,Jalore,Digitally Underserved
Rajasthan,Jhalawar,Digitally Strong & Balanced
Rajasthan,Jhunjhunu,Digitally Strong & Balanced
Rajasthan,Jhunjhunun,Digitally Strong & Balanced
Rajasthan,Jodhpur,Digitally Strong & Balanced
Rajasthan,Karauli,Digitally Strong & Balanced
Rajasthan,Khairthal-Tijara,Digitally Weak but Stable
Rajasthan,Kota,Digitally Strong & Balanced
Rajasthan,Kotputli-Behror,Digitally Weak but Stable
Rajasthan,Nagaur,Digitally Strong & Balanced
Rajasthan,Pali,Digitally Strong & Balanced
Rajasthan,Phalodi,Digitally Weak but Stable
Rajasthan,Pratapgarh,Digitally Strong & Balanced
Rajasthan,Rajsamand,Digitally Strong & Balanced
Rajasthan,Salumbar,Digitally Weak but Stable
Rajasthan,Sawai Madhopur,Digitally Strong & Balanced
Rajasthan,Sikar,Digitally Strong & Balanced
Rajasthan,Sirohi,Digitally Strong & Balanced
Rajasthan,Tonk,Digitally Strong & Balanced
Rajasthan,Udaipur,Digitally Strong & Balanced
Sikkim,East,Digitally Strong & Balanced
Sikkim,East Sikkim,Digitally Strong & Balanced
Sikkim,Namchi,Digitally Weak but Stable
Sikkim,North,Digitally Strong & Balanced
Sikkim,North Sikkim,Digitally Strong & Balanced
Sikkim,South,Digitally Strong & Balanced
Sikkim,South Sikkim,Digitally Strong & Balanced
Sikkim,West,Digitally Strong & Balanced
Sikkim,West Sikkim,Digitally Strong & Balanced
Tamil Nadu,Ariyalur,Digitally Strong & Balanced
Tamil Nadu,Chengalpattu,Digitally Strong & Balanced
Tamil Nadu,Chennai,Digitally Strong & Balanced
Tamil Nadu,Coimbatore,Digitally Strong & Balanced
Tamil Nadu,Cuddalore,Digitally Strong & Balanced
Tamil Nadu,Dharmapuri,Digitally Strong & Balanced
Tamil Nadu,Dindigul,Digitally Strong & Balanced
Tamil Nadu,Erode,Digitally Strong & Balanced
Tamil Nadu,Kallakurichi,Digitally Strong & Balanced
Tamil Nadu,Kancheepuram,Digitally Strong & Balanced
Tamil Nadu,Kanchipuram,Digitally Weak but Stable
Tamil Nadu,Kanniyakumari,Digitally Strong & Balanced
Tamil Nadu,Kanyakumari,Digitally Strong & Balanced
Tamil Nadu,Karur,Digitally Strong & Balanced
Tamil Nadu,Krishnagiri,Digitally Strong & Balanced
Tamil Nadu,Madurai,Digitally Strong & Balanced
Tamil Nadu,Mayiladuthurai,Digitally Strong & Balanced
Tamil Nadu,Nagapattinam,Digitally Strong & Balanced
Tamil Nadu,Namakkal,Digitally Strong & Balanced
Tamil Nadu,Perambalur,Digitally Strong & Balanced
Tamil Nadu,Pudukkottai,Digitally Strong & Balanced
Tamil Nadu,Ramanathapuram,Digitally Strong & Balanced
Tamil Nadu,Ranipet,Digitally Strong but Overburdened
Tamil Nadu,Salem,Digitally Strong & Balanced
Tamil Nadu,Sivaganga,Digitally Strong & Balanced
Tamil Nadu,Tenkasi,Digitally Strong & Balanced
Tamil Nadu,Thanjavur,Digitally Strong & Balanced
Tamil Nadu,The Nilgiris,Digitally Strong & Balanced
Tamil Nadu,Theni,Digitally Strong & Balanced
Tamil Nadu,Thiruvallur,Digitally Strong & Balanced
Tamil Nadu,Thiruvarur,Digitally Strong & Balanced
Tamil Nadu,Thoothukkudi,Digitally Strong & Balanced
Tamil Nadu,Tiruchirappalli,Digitally Strong & Balanced
Tamil Nadu,Tirunelveli,Digitally Strong & Balanced
Tamil Nadu,Tirupathur,Digitally Weak but Stable
Tamil Nadu,Tirupattur,Digitally Strong & Balanced
Tamil Nadu,Tiruppur,Digitally Strong & Balanced
Tamil Nadu,Tiruvallur,Digitally Strong & Balanced
Tamil Nadu,Tiruvannamalai,Digitally Strong & Balanced
Tamil Nadu,Tiruvarur,Digitally Weak but Stable
Tamil Nadu,Tuticorin,Digitally Weak but Stable
Tamil Nadu,Vellore,Digitally Strong & Balanced
Tamil Nadu,Villupuram,Digitally Strong & Balanced
Tamil Nadu,Viluppuram,Digitally Strong & Balanced
Tamil Nadu,Virudhunagar,Digitally Strong & Balanced
Telangana,Adilabad,Digitally Strong & Balanced
Telangana,Bhadradri Kothagudem,Digitally Strong & Balanced
Telangana,Hanumakonda,Digitally Strong & Balanced
Telangana,Hyderabad,Digitally Strong & Balanced
Telangana,Jagitial,Digitally Strong & Balanced
Telangana,Jangaon,Digitally Weak but Stable
Telangana,Jangoan,Digitally Strong & Balanced
Telangana,Jayashankar Bhupalpally,Digitally Strong & Balanced
Telangana,Jogulamba Gadwal,Digitally Strong & Balanced
Telangana,K.v. Rangareddy,Digitally Strong & Balanced
Telangana,Kamareddy,Digitally Strong & Balanced
Telangana,Karimnagar,Digitally Strong & Balanced
Telangana,Khammam,Digitally Strong & Balanced
Telangana,Komaram Bheem,Digitally Strong & Balanced
Telangana,Mahabubabad,Digitally Strong & Balanced
Telangana,Mahabubnagar,Digitally Strong & Balanced
Telangana,Mancherial,Digitally Strong & Balanced
Telangana,Medak,Digitally Strong & Balanced
Telangana,Medchal-malkajgiri,Digitally Strong & Balanced
Telangana,Medchal?malkajgiri,Digitally Underserved
Telangana,Medchal−malkajgiri,Digitally Weak but Stable
Telangana,Mulugu,Digitally Strong & Balanced
Telangana,Nagarkurnool,Digitally Strong & Balanced
Telangana,Nalgonda,Digitally Strong & Balanced
Telangana,Narayanpet,Digitally Strong & Balanced
Telangana,Nirmal,Digitally Strong & Balanced
Telangana,Nizamabad,Digitally Strong & Balanced
Telangana,Peddapalli,Digitally Strong & Balanced
Telangana,Rajanna Sircilla,Digitally Strong & Balanced
Telangana,Rangareddy,Digitally Strong & Balanced
Telangana,Sangareddy,Digitally Strong & Balanced
Telangana,Siddipet,Digitally Strong & Balanced
Telangana,Suryapet,Digitally Strong & Balanced
Telangana,Vikarabad,Digitally Strong & Balanced
Telangana,Wanaparthy,Digitally Strong & Balanced
Telangana,Warangal,Digitally Strong & Balanced
Telangana,Warangal (urban),Digitally Weak but Stable
Telangana,Warangal Rural,Digitally Strong & Balanced
Telangana,Warangal Urban,Digitally Strong & Balanced
Telangana,Yadadri.,Digitally Strong & Balanced
Tripura,Dhalai,Digitally Strong & Balanced
Tripura,Dhalai  *,Digitally Strong & Balanced
Tripura,Gomati,Digitally Strong & Balanced
Tripura,Khowai,Digitally Strong & Balanced
Tripura,North Tripura,Digitally Strong & Balanced
Tripura,Sepahijala,Digitally Strong & Balanced
Tripura,South Tripura,Digitally Strong & Balanced
Tripura,Unakoti,Digitally Strong & Balanced
Tripura,West Tripura,Digitally Strong & Balanced
Uttar Pradesh,Agra,Digitally Strong & Balanced
Uttar Pradesh,Aligarh,Digitally Strong & Balanced
Uttar Pradesh,Allahabad,Digitally Strong & Balanced
Uttar Pradesh,Ambedkar Nagar,Digitally Strong & Balanced
Uttar Pradesh,Amethi,Digitally Strong & Balanced
Uttar Pradesh,Amroha,Digitally Strong & Balanced
Uttar Pradesh,Auraiya,Digitally Strong & Balanced
Uttar Pradesh,Auraiya *,Digitally Weak but Stable
Uttar Pradesh,Ayodhya,Digitally Strong & Balanced
Uttar Pradesh,Azamgarh,Digitally Strong & Balanced
Uttar Pradesh,Baghpat,Digitally Strong & Balanced
Uttar Pradesh,Bagpat,Digitally Weak but Stable
Uttar Pradesh,Bahraich,Digitally Strong & Balanced
Uttar Pradesh,Ballia,Digitally Strong & Balanced
Uttar Pradesh,Balrampur,Digitally Strong & Balanced
Uttar Pradesh,Banda,Digitally Strong & Balanced
Uttar Pradesh,Bara Banki,Digitally Strong & Balanced
Uttar Pradesh,Barabanki,Digitally Strong & Balanced
Uttar Pradesh,Bareilly,Digitally Strong & Balanced
Uttar Pradesh,Basti,Digitally Strong & Balanced
Uttar Pradesh,Bhadohi,Digitally Strong & Balanced
Uttar Pradesh,Bijnor,Digitally Strong & Balanced
Uttar Pradesh,Budaun,Digitally Strong & Balanced
Uttar Pradesh,Bulandshahar,Digitally Weak but Stable
Uttar Pradesh,Bulandshahr,Digitally Strong & Balanced
Uttar Pradesh,Chandauli,Digitally Strong & Balanced
Uttar Pradesh,Chandauli *,Digitally Weak but Stable
Uttar Pradesh,Chitrakoot,Digitally Strong & Balanced
Uttar Pradesh,Deoria,Digitally Strong & Balanced
Uttar Pradesh,Etah,Digitally Strong & Balanced
Uttar Pradesh,Etawah,Digitally Strong & Balanced
Uttar Pradesh,Faizabad,Digitally Strong & Balanced
Uttar Pradesh,Farrukhabad,Digitally Strong & Balanced
Uttar Pradesh,Fatehpur,Digitally Strong & Balanced
Uttar Pradesh,Firozabad,Digitally Strong & Balanced
Uttar Pradesh,Gautam Buddha Nagar,Digitally Strong & Balanced
Uttar Pradesh,Gautam Buddha Nagar *,Digitally Weak but Stable
Uttar Pradesh,Ghaziabad,Digitally Strong & Balanced
Uttar Pradesh,Ghazipur,Digitally Strong & Balanced
Uttar Pradesh,Gonda,Digitally Strong & Balanced
Uttar Pradesh,Gorakhpur,Digitally Strong & Balanced
Uttar Pradesh,Hamirpur,Digitally Strong & Balanced
Uttar Pradesh,Hapur,Digitally Strong & Balanced
Uttar Pradesh,Hardoi,Digitally Strong & Balanced
Uttar Pradesh,Hathras,Digitally Strong & Balanced
Uttar Pradesh,Jalaun,Digitally Strong & Balanced
Uttar Pradesh,Jaunpur,Digitally Strong & Balanced
Uttar Pradesh,Jhansi,Digitally Strong & Balanced
Uttar Pradesh,Jyotiba Phule Nagar,Digitally Weak but Stable
Uttar Pradesh,Kannauj,Digitally Strong & Balanced
Uttar Pradesh,Kanpur Dehat,Digitally Strong & Balanced
Uttar Pradesh,Kanpur Nagar,Digitally Strong & Balanced
Uttar Pradesh,Kasganj,Digitally Strong & Balanced
Uttar Pradesh,Kaushambi,Digitally Strong & Balanced
Uttar Pradesh,Kheri,Digitally Strong & Balanced
Uttar Pradesh,Kushinagar,Digitally Strong & Balanced
Uttar Pradesh,Kushinagar *,Digitally Strong & Balanced
Uttar Pradesh,Lalitpur,Digitally Strong & Balanced
Uttar Pradesh,Lucknow,Digitally Strong & Balanced
Uttar Pradesh,Maharajganj,Digitally Strong & Balanced
Uttar Pradesh,Mahoba,Digitally Strong & Balanced
Uttar Pradesh,Mahoba *,Digitally Weak but Stable
Uttar Pradesh,Mahrajganj,Digitally Weak but Stable
Uttar Pradesh,Mainpuri,Digitally Strong & Balanced
Uttar Pradesh,Mathura,Digitally Strong & Balanced
Uttar Pradesh,Mau,Digitally Strong & Balanced
Uttar Pradesh,Meerut,Digitally Strong & Balanced
Uttar Pradesh,Mirzapur,Digitally Strong & Balanced
Uttar Pradesh,Moradabad,Digitally Strong & Balanced
Uttar Pradesh,Muzaffarnagar,Digitally Strong & Balanced
Uttar Pradesh,Pilibhit,Digitally Strong & Balanced
Uttar Pradesh,Pratapgarh,Digitally Strong & Balanced
Uttar Pradesh,Prayagraj,Digitally Strong & Balanced
Uttar Pradesh,Rae Bareli,Digitally Strong & Balanced
Uttar Pradesh,Raebareli,Digitally Weak but Stable
Uttar Pradesh,Rampur,Digitally Strong & Balanced
Uttar Pradesh,Saharanpur,Digitally Strong & Balanced
Uttar Pradesh,Sambhal,Digitally Strong & Balanced
Uttar Pradesh,Sant Kabir Nagar,Digitally Strong & Balanced
Uttar Pradesh,Sant Ravidas Nagar,Digitally Strong & Balanced
Uttar Pradesh,Sant Ravidas Nagar Bhadohi,Digitally Weak but Stable
Uttar Pradesh,Shahjahanpur,Digitally Strong & Balanced
Uttar Pradesh,Shamli,Digitally Strong & Balanced
Uttar Pradesh,Shrawasti,Digitally Strong & Balanced
Uttar Pradesh,Siddharthnagar,Digitally Strong & Balanced
Uttar Pradesh,Sitapur,Digitally Strong & Balanced
Uttar Pradesh,Sonbhadra,Digitally Strong & Balanced
Uttar Pradesh,Sultanpur,Digitally Strong & Balanced
Uttar Pradesh,Unnao,Digitally Strong & Balanced
Uttar Pradesh,Varanasi,Digitally Strong & Balanced
Uttarakhand,Almora,Digitally Strong & Balanced
Uttarakhand,Bageshwar,Digitally Strong & Balanced
Uttarakhand,Chamoli,Digitally Strong & Balanced
Uttarakhand,Champawat,Digitally Strong & Balanced
Uttarakhand,Dehradun,Digitally Strong & Balanced
Uttarakhand,Garhwal,Digitally Weak but Stable
Uttarakhand,Hardwar,Digitally Weak but Stable
Uttarakhand,Haridwar,Digitally Strong but Overburdened
Uttarakhand,Nainital,Digitally Strong & Balanced
Uttarakhand,Pauri Garhwal,Digitally Strong & Balanced
Uttarakhand,Pithoragarh,Digitally Strong & Balanced
Uttarakhand,Rudraprayag,Digitally Strong & Balanced
Uttarakhand,Tehri Garhwal,Digitally Strong & Balanced
Uttarakhand,Udham Singh Nagar,Digitally Strong but Overburdened
Uttarakhand,Uttarkashi,Digitally Strong & Balanced
West Bengal,Alipurduar,Digitally Strong & Balanced
West Bengal,Bally Jagachha,Digitally Weak but Stable
West Bengal,Bankura,Digitally Strong & Balanced
West Bengal,Barddhaman,Digitally Strong & Balanced
West Bengal,Bardhaman,Digitally Strong & Balanced
West Bengal,Birbhum,Digitally Strong & Balanced
West Bengal,Burdwan,Digitally Weak but Stable
West Bengal,Cooch Behar,Digitally Strong & Balanced
West Bengal,Dakshin Dinajpur,Digitally Strong & Balanced
West Bengal,Darjeeling,Digitally Strong & Balanced
West Bengal,Darjiling,Digitally Strong & Balanced
West Bengal,Domjur,Digitally Weak but Stable
West Bengal,East Midnapore,Digitally Strong & Balanced
West Bengal,East Midnapur,Digitally Weak but Stable
West Bengal,East midnapore,Digitally Weak but Stable
West Bengal,HOOGHLY,Digitally Weak but Stable
West Bengal,HOWRAH,Digitally Weak but Stable
West Bengal,Haora,Digitally Strong & Balanced
West Bengal,Hawrah,Digitally Weak but Stable
West Bengal,Hooghiy,Digitally Weak but Stable
West Bengal,Hooghly,Digitally Strong & Balanced
West Bengal,Howrah,Digitally Strong & Balanced
West Bengal,Hugli,Digitally Weak but Stable
West Bengal,Jalpaiguri,Digitally Strong & Balanced
West Bengal,Jhargram,Digitally Strong & Balanced
West Bengal,KOLKATA,Digitally Weak but Stable
West Bengal,Kalimpong,Digitally Strong & Balanced
West Bengal,Koch Bihar,Digitally Strong & Balanced
West Bengal,Kolkata,Digitally Strong & Balanced
West Bengal,MALDA,Digitally Weak but Stable
West Bengal,Malda,Digitally Strong & Balanced
West Bengal,Maldah,Digitally Strong & Balanced
West Bengal,Medinipur,Digitally Weak but Stable
West Bengal,Murshidabad,Digitally Strong & Balanced
West Bengal,NADIA,Digitally Weak but Stable
West Bengal,Nadia,Digitally Strong & Balanced
West Bengal,North 24 Parganas,Digitally Strong & Balanced
West Bengal,North Dinajpur,Digitally Strong & Balanced
West Bengal,North Twenty Four Parganas,Digitally Strong & Balanced
West Bengal,Paschim Bardhaman,Digitally Strong & Balanced
West Bengal,Paschim Medinipur,Digitally Strong & Balanced
West Bengal,Purba Bardhaman,Digitally Strong & Balanced
West Bengal,Purba Medinipur,Digitally Strong & Balanced
West Bengal,Purulia,Digitally Strong & Balanced
West Bengal,Puruliya,Digitally Strong & Balanced
West Bengal,South 24 Pargana,Digitally Weak but Stable
West Bengal,South 24 Parganas,Digitally Strong & Balanced
West Bengal,South 24 pargana,Digitally Weak but Stable
West Bengal,South 24 parganas,Digitally Weak but Stable
West Bengal,South Dinajpur,Digitally Strong & Balanced
West Bengal,South DumDum(M),Digitally Weak but Stable
West Bengal,South Twenty Four Parganas,Digitally Strong & Balanced
West Bengal,Uttar Dinajpur,Digitally Strong & Balanced
West Bengal,West Medinipur,Digitally Weak but Stable
West Bengal,West Midnapore,Digitally Strong & Balanced
West Bengal,east midnapore,Digitally Weak but Stable
West Bengal,hooghly,Digitally Weak but Stable
West Bengal,nadia,Digitally Weak but Stable
